{
  "project_info": {
    "project_number": "191498057018",
    "project_id": "appnote-6ffcb",
    "storage_bucket": "appnote-6ffcb.appspot.com"
  },
  "client": [
    {
      "client_info": {
        "mobilesdk_app_id": "1:191498057018:android:375460c44d4fc169a48c03",
        "android_client_info": {
          "package_name": "com.example.appnote"
        }
      },
      "oauth_client": [],
      "api_key": [
        {
          "current_key": "AIzaSyD4hsJD5TUTnKxHZstoKrkbi5NDQXhkNSI"
        }
      ],
      "services": {
        "appinvite_service": {
          "other_platform_oauth_client": []
        }
      }
    }
  ],
  "configuration_version": "1"
}